,coord,kind,transcript,id
263015,201364783,2,1:transcript:ENST00000671234,1
2434644,44570658,1,15:transcript:ENST00000427534,15
3216890,15878147,2,21:transcript:ENST00000351097,21
2096352,53106014,0,12:transcript:ENST00000551896,12
1613146,84686559,2,9:transcript:ENST00000395882,9
65685,32222630,0,1:transcript:ENST00000471486,1
2209227,133105510,1,12:transcript:ENST00000356456,12
2659703,80839082,2,16:transcript:ENST00000651521,16
1602877,69238341,2,9:transcript:ENST00000650084,9
2268299,114236749,2,13:transcript:ENST00000494766,13
299875,228338290,1,1:transcript:ENST00000664957,1
800671,193314033,0,3:transcript:ENST00000342358,3
313527,241796257,1,1:transcript:ENST00000437684,1
3161519,33000673,2,20:transcript:ENST00000356173,20
1599743,66124913,2,9:transcript:ENST00000611388,9
1793175,109884148,1,10:transcript:ENST00000508059,10
256053,193051754,0,1:transcript:ENST00000367451,1
3000616,13276512,2,19:transcript:ENST00000637774,19
3011971,16731192,1,19:transcript:ENST00000674033,19
1365828,99411186,0,7:transcript:ENST00000456893,7
2027540,6517596,1,12:transcript:ENST00000315579,12
1263770,158661385,0,6:transcript:ENST00000469735,6
2746661,30329251,0,17:transcript:ENST00000538566,17
3296791,34108657,2,22:transcript:ENST00000659067,22
2288361,24185081,2,14:transcript:ENST00000561419,14
2444446,51396225,2,15:transcript:ENST00000396399,15
2360084,92081061,1,14:transcript:ENST00000553686,14
610056,15579910,0,3:transcript:ENST00000422591,3
668040,52149816,0,3:transcript:ENST00000394970,3
2740546,28619654,0,17:transcript:ENST00000389003,17
3108652,51235676,0,19:transcript:ENST00000601785,19
1805853,122237538,0,10:transcript:ENST00000334433,10
1799479,115597593,1,10:transcript:ENST00000424738,10
233811,166579200,0,1:transcript:ENST00000434461,1
2190328,121441070,0,12:transcript:ENST00000536036,12
1080841,149513209,1,5:transcript:ENST00000670598,5
1176490,43038767,2,6:transcript:ENST00000674100,6
1186048,52459591,2,6:transcript:ENST00000637849,6
1073476,141929989,1,5:transcript:ENST00000194118,5
1578161,18786651,2,9:transcript:ENST00000380559,9
2512986,92942399,2,15:transcript:ENST00000637613,15
491851,170727493,2,2:transcript:ENST00000661242,2
1200647,73822010,2,6:transcript:ENST00000287097,6
3146538,13901147,2,20:transcript:ENST00000423870,20
1685216,137460555,2,9:transcript:ENST00000492278,9
1094907,164297196,0,5:transcript:ENST00000523704,5
2160874,103793265,1,12:transcript:ENST00000415849,12
1917548,65046189,0,11:transcript:ENST00000526516,11
3115183,54126528,1,19:transcript:ENST00000419967,19
3239112,39556510,0,21:transcript:ENST00000475838,21
2234137,48499621,0,13:transcript:ENST00000544492,13
210599,155269488,0,1:transcript:ENST00000471047,1
704453,105703223,2,3:transcript:ENST00000645759,3
2741968,28747264,0,17:transcript:ENST00000262395,17
1763973,80351901,0,10:transcript:ENST00000372202,10
959358,185504475,0,4:transcript:ENST00000284770,4
212197,155668627,0,1:transcript:ENST00000347088,1
2664282,84452614,2,16:transcript:ENST00000420010,16
1258859,152451205,1,6:transcript:ENST00000671915,6
150639,99004435,0,1:transcript:ENST00000534652,1
1569818,3828859,2,9:transcript:ENST00000461870,9
1693250,6109364,2,10:transcript:ENST00000432931,10
2307348,49943752,0,14:transcript:ENST00000556434,14
2822720,62556885,2,17:transcript:ENST00000580705,17
2575301,20785592,2,16:transcript:ENST00000569141,16
278473,207652735,0,1:transcript:ENST00000441364,1
1537684,126519892,2,8:transcript:ENST00000519123,8
3135673,2749973,0,20:transcript:ENST00000449079,20
228939,161206597,0,1:transcript:ENST00000367993,1
2822189,62238009,0,17:transcript:ENST00000577881,17
2637835,67736883,2,16:transcript:ENST00000602887,16
2526808,725923,2,16:transcript:ENST00000439619,16
1972429,103116714,0,11:transcript:ENST00000334267,11
590880,4710473,0,3:transcript:ENST00000648038,3
3075825,43820540,0,19:transcript:ENST00000414615,19
582025,241115177,1,2:transcript:ENST00000544142,2
774845,172334944,1,3:transcript:ENST00000415807,3
2010942,130239896,1,11:transcript:ENST00000357899,11
638937,43717671,1,3:transcript:ENST00000649763,3
1162818,33441069,2,6:transcript:ENST00000293748,6
2791165,46197951,2,17:transcript:ENST00000574590,17
106995,51937412,1,1:transcript:ENST00000371655,1
1405587,128881725,1,7:transcript:ENST00000611280,7
3257773,18383745,2,22:transcript:ENST00000618517,22
1254531,149998884,1,6:transcript:ENST00000533735,6
2237912,51361278,1,13:transcript:ENST00000524365,13
737910,130995070,2,3:transcript:ENST00000533801,3
188624,149023868,2,1:transcript:ENST00000526664,1
1727552,49622150,0,10:transcript:ENST00000460699,10
1787764,102400655,1,10:transcript:ENST00000661543,10
917770,116771315,0,4:transcript:ENST00000654940,4
1729434,50239633,2,10:transcript:ENST00000656090,10
2527381,764816,2,16:transcript:ENST00000545450,16
2270039,20351122,0,14:transcript:ENST00000527915,14
1212,868578,2,1:transcript:ENST00000432963,1
1488909,48729871,1,8:transcript:ENST00000523092,8
2920029,54280667,1,18:transcript:ENST00000577971,18
670028,52478449,1,3:transcript:ENST00000489895,3
1123074,8015828,1,6:transcript:ENST00000543936,6
10927,2174754,1,1:transcript:ENST00000505322,1
2044028,10439989,2,12:transcript:ENST00000536833,12
216017,156246756,1,1:transcript:ENST00000335852,1
859993,55999645,0,4:transcript:ENST00000257287,4
1299395,27172173,1,7:transcript:ENST00000613671,7
2978124,9621162,0,19:transcript:ENST00000470932,19
1467347,28079115,2,8:transcript:ENST00000413272,8
1808536,122609528,2,10:transcript:ENST00000653442,10
3056627,38729214,2,19:transcript:ENST00000424234,19
353461,30525755,0,2:transcript:ENST00000476038,2
624148,36443640,0,3:transcript:ENST00000457375,3
2549031,3778817,1,16:transcript:ENST00000382070,16
2947805,1422396,0,19:transcript:ENST00000592522,19
211197,155325490,0,1:transcript:ENST00000497930,1
1300180,28570537,0,7:transcript:ENST00000357727,7
2172270,110635630,2,12:transcript:ENST00000551590,12
2595805,30069499,1,16:transcript:ENST00000563060,16
514635,188990307,1,2:transcript:ENST00000317840,2
563234,230285832,0,2:transcript:ENST00000343805,2
265328,202341895,0,1:transcript:ENST00000646651,1
2769626,40637009,2,17:transcript:ENST00000647221,17
1465259,26627295,0,8:transcript:ENST00000523027,8
430328,101855977,1,2:transcript:ENST00000302217,2
268096,203165261,1,1:transcript:ENST00000467253,1
903552,108755564,2,4:transcript:ENST00000505233,4
1178483,43306124,1,6:transcript:ENST00000372569,6
2677513,89963443,0,16:transcript:ENST00000569453,16
1623904,95870441,1,9:transcript:ENST00000670189,9
2953748,2990814,2,19:transcript:ENST00000497878,19
2887755,9102797,0,18:transcript:ENST00000318388,18
8023,1637081,0,1:transcript:ENST00000340677,1
1768601,89223830,1,10:transcript:ENST00000371837,10
2810619,51440233,1,17:transcript:ENST00000654524,17
582453,241157807,1,2:transcript:ENST00000439916,2
921469,121907303,0,4:transcript:ENST00000506449,4
344011,26316275,0,2:transcript:ENST00000311519,2
2455941,61948376,2,15:transcript:ENST00000644861,15
2096263,53101041,1,12:transcript:ENST00000548547,12
1101139,175519291,2,5:transcript:ENST00000507823,5
1345649,80201543,2,7:transcript:ENST00000648306,7
2314092,55062159,2,14:transcript:ENST00000622254,14
400920,73861177,2,2:transcript:ENST00000487811,2
944752,157317711,0,4:transcript:ENST00000645636,4
2740625,28620809,2,17:transcript:ENST00000389003,17
2820203,60383927,2,17:transcript:ENST00000588898,17
2035152,6967462,2,12:transcript:ENST00000542912,12
2968193,6750066,0,19:transcript:ENST00000600677,19
3103647,50035126,2,19:transcript:ENST00000599155,19
3050027,37089039,1,19:transcript:ENST00000337995,19
599904,10008404,0,3:transcript:ENST00000437616,3
675908,53732082,0,3:transcript:ENST00000637714,3
2593538,29809771,0,16:transcript:ENST00000568282,16
1482693,42356368,2,8:transcript:ENST00000521290,8
2415408,39949268,0,15:transcript:ENST00000559624,15
2046129,12944372,1,12:transcript:ENST00000540198,12
1989181,118113269,1,11:transcript:ENST00000534111,11
2709922,8147626,2,17:transcript:ENST00000354903,17
924167,127803873,0,4:transcript:ENST00000508549,4
259068,197931919,1,1:transcript:ENST00000561173,1
3256073,17538862,2,22:transcript:ENST00000400585,22
2172325,110635630,2,12:transcript:ENST00000490514,12
734924,129463560,1,3:transcript:ENST00000431818,3
1844075,9144278,1,11:transcript:ENST00000530044,11
2897361,23376941,1,18:transcript:ENST00000580025,18
1032904,96740038,1,5:transcript:ENST00000513666,5
1979410,111822969,2,11:transcript:ENST00000526272,11
2443471,50570104,0,15:transcript:ENST00000561443,15
2288162,24187796,1,14:transcript:ENST00000561199,14
2676072,89739553,1,16:transcript:ENST00000568626,16
2900934,26081106,2,18:transcript:ENST00000578954,18
2425592,42396877,0,15:transcript:ENST00000673658,15
2448901,55496457,2,15:transcript:ENST00000522437,15
805457,194748040,0,3:transcript:ENST00000664066,3
898430,102911009,2,4:transcript:ENST00000514972,4
1549379,140221459,0,8:transcript:ENST00000648948,8
277587,207506714,1,1:transcript:ENST00000400960,1
696250,81646482,1,3:transcript:ENST00000429644,3
516314,189854160,2,2:transcript:ENST00000447232,2
2620959,57258462,0,16:transcript:ENST00000219207,16
2779843,43063951,1,17:transcript:ENST00000461221,17
1385755,107233570,2,7:transcript:ENST00000347053,7
891107,89952374,2,4:transcript:ENST00000264790,4
23587,10102948,1,1:transcript:ENST00000672724,1
319522,248858082,2,1:transcript:ENST00000528141,1
2829556,64502331,2,17:transcript:ENST00000581693,17
1290922,17328900,2,7:transcript:ENST00000637807,7
3235527,37488394,2,21:transcript:ENST00000644942,21
1215516,98034326,2,6:transcript:ENST00000670543,6
1021091,81466974,0,5:transcript:ENST00000507655,5
2869284,81572017,0,17:transcript:ENST00000331134,17
1809966,124498036,1,10:transcript:ENST00000368842,10
2724191,17304364,1,17:transcript:ENST00000470418,17
741495,132717951,2,3:transcript:ENST00000465756,3
102348,46936664,0,1:transcript:ENST00000468629,1
628551,38136592,0,3:transcript:ENST00000484284,3
1449895,12735400,1,8:transcript:ENST00000398246,8
2388026,23006052,0,15:transcript:ENST00000614508,15
2541139,2264176,0,16:transcript:ENST00000564601,16
124694,64844484,2,1:transcript:ENST00000342505,1
2443546,50596255,0,15:transcript:ENST00000560284,15
3039923,35140629,0,19:transcript:ENST00000592174,19
2772324,41884193,0,17:transcript:ENST00000352035,17
832097,7983445,2,4:transcript:ENST00000361581,4
1552248,141472850,0,8:transcript:ENST00000621837,8
2789563,45402714,0,17:transcript:ENST00000532891,17
967635,5252424,2,5:transcript:ENST00000274181,5
28606,12126183,1,1:transcript:ENST00000417814,1
657750,49685596,0,3:transcript:ENST00000492329,3
1454263,18071300,0,8:transcript:ENST00000635944,8
2833485,67875288,2,17:transcript:ENST00000342579,17
330309,9491101,0,2:transcript:ENST00000647610,2
2836200,69034559,2,17:transcript:ENST00000461623,17
2114015,56712552,1,12:transcript:ENST00000454682,12
1344518,78357599,2,7:transcript:ENST00000522391,7
949244,168458008,1,4:transcript:ENST00000505890,4
1099187,171733056,1,5:transcript:ENST00000650062,5
1716538,34426117,2,10:transcript:ENST00000545693,10
795408,186268801,0,3:transcript:ENST00000265022,3
339480,24183372,0,2:transcript:ENST00000432434,2
44077,21872186,0,1:transcript:ENST00000644714,1
1530221,115966921,2,8:transcript:ENST00000505156,8
1455369,18799295,0,8:transcript:ENST00000519851,8
2569043,16331271,2,16:transcript:ENST00000537112,16
864310,67663885,0,4:transcript:ENST00000420827,4
1669370,132907068,2,9:transcript:ENST00000643875,9
2131451,69586818,0,12:transcript:ENST00000299300,12
1705555,21534804,0,10:transcript:ENST00000307729,10
1520225,99577490,1,8:transcript:ENST00000496144,8
2765253,39730194,0,17:transcript:ENST00000577810,17
352644,29143945,0,2:transcript:ENST00000415891,2
786017,183926524,2,3:transcript:ENST00000437205,3
3239953,41402128,0,21:transcript:ENST00000330714,21
78187,39323600,2,1:transcript:ENST00000372925,1
2267367,113634033,0,13:transcript:ENST00000375370,13
2270606,20372733,0,14:transcript:ENST00000556935,14
2708325,7903061,0,17:transcript:ENST00000358181,17
1880396,45915635,2,11:transcript:ENST00000378750,11
2116112,57210169,0,12:transcript:ENST00000243077,12
2625766,58504505,2,16:transcript:ENST00000567063,16
3300823,37427298,0,22:transcript:ENST00000452946,22
2572059,19442453,2,16:transcript:ENST00000541464,16
2764340,39673650,1,17:transcript:ENST00000378011,17
2953511,2916586,2,19:transcript:ENST00000523428,19
678329,56662385,0,3:transcript:ENST00000493960,3
1927605,66530894,1,11:transcript:ENST00000529955,11
1743894,69926479,2,10:transcript:ENST00000673850,10
1094232,162561785,0,5:transcript:ENST00000660514,5
2393226,25106294,0,15:transcript:ENST00000662370,15
549679,218659328,0,2:transcript:ENST00000411696,2
226396,160679055,0,1:transcript:ENST00000627996,1
1295198,23002532,2,7:transcript:ENST00000432176,7
353453,30453467,2,2:transcript:ENST00000478015,2
1910104,63748507,2,11:transcript:ENST00000542238,11
564942,231062675,0,2:transcript:ENST00000409643,2
1046317,123384951,0,5:transcript:ENST00000508442,5
1711693,28120390,1,10:transcript:ENST00000496637,10
690068,69959273,1,3:transcript:ENST00000394351,3
411556,85863485,1,2:transcript:ENST00000638288,2
3016198,17500495,1,19:transcript:ENST00000598848,19
2400021,26116022,0,15:transcript:ENST00000663189,15
1895554,58570713,1,11:transcript:ENST00000528489,11
1809838,124046724,1,10:transcript:ENST00000462406,10
2454629,60355919,0,15:transcript:ENST00000558132,15
661539,50252397,1,3:transcript:ENST00000266027,3
1153334,31955293,1,6:transcript:ENST00000491139,6
2179447,113186352,2,12:transcript:ENST00000552495,12
510944,181896030,1,2:transcript:ENST00000409001,2
120451,61808530,0,1:transcript:ENST00000635023,1
1397306,122011309,0,7:transcript:ENST00000651065,7
1216845,99568496,0,6:transcript:ENST00000523541,6
1777629,97046654,0,10:transcript:ENST00000371070,10
1325682,56077495,2,7:transcript:ENST00000395436,7
1141069,30057916,2,6:transcript:ENST00000452229,6
1632037,106588940,0,9:transcript:ENST00000664212,9
150543,98760054,1,1:transcript:ENST00000306121,1
938727,150467785,1,4:transcript:ENST00000509835,4
1220009,107902844,0,6:transcript:ENST00000466419,6
354558,32039492,1,2:transcript:ENST00000414013,2
2438783,48151571,1,15:transcript:ENST00000560513,15
1481568,42316904,0,8:transcript:ENST00000416505,8
1889348,47714284,0,11:transcript:ENST00000529712,11
1825082,849610,2,11:transcript:ENST00000409531,11
298045,228304566,0,1:transcript:ENST00000570156,1
1821873,617954,0,11:transcript:ENST00000531177,11
463719,145023273,0,2:transcript:ENST00000630724,2
1414982,138575007,2,7:transcript:ENST00000415680,7
3218472,16419741,0,21:transcript:ENST00000602892,21
1993673,119054365,2,11:transcript:ENST00000617285,11
3200336,58699197,1,20:transcript:ENST00000529976,20
691068,71296433,0,3:transcript:ENST00000649610,3
1147448,31557935,2,6:transcript:ENST00000376148,6
1448123,11750111,1,8:transcript:ENST00000335135,8
2659939,80981806,0,16:transcript:ENST00000565925,16
2546126,3129248,0,16:transcript:ENST00000572691,16
3234051,37091293,1,21:transcript:ENST00000450533,21
1535108,123809649,2,8:transcript:ENST00000520246,8
20540,7737255,1,1:transcript:ENST00000495233,1
1958735,83273951,0,11:transcript:ENST00000527025,11
124581,64810106,2,1:transcript:ENST00000294428,1
2511647,91033722,2,15:transcript:ENST00000557804,15
2546743,3246781,2,16:transcript:ENST00000219596,16
700448,98811202,2,3:transcript:ENST00000495502,3
1044563,119635393,2,5:transcript:ENST00000379555,5
704821,105703223,2,3:transcript:ENST00000403724,3
792009,184358138,2,3:transcript:ENST00000636492,3
1553298,142716026,2,8:transcript:ENST00000669349,8
605375,12748655,0,3:transcript:ENST00000314124,3
1206364,83139581,2,6:transcript:ENST00000484282,6
2183433,118019136,0,12:transcript:ENST00000484086,12
57805,28579981,1,1:transcript:ENST00000475441,1
96475,45332531,2,1:transcript:ENST00000481571,1
488370,169152964,1,2:transcript:ENST00000649046,2
1965154,93389125,0,11:transcript:ENST00000534747,11
2963753,5712002,1,19:transcript:ENST00000585374,19
2220876,32685578,2,13:transcript:ENST00000315596,13
3309470,40401675,0,22:transcript:ENST00000248929,22
1490296,52219321,2,8:transcript:ENST00000276480,8
1915046,64767409,2,11:transcript:ENST00000377394,11
3291813,31797703,0,22:transcript:ENST00000642771,22
727800,124764391,0,3:transcript:ENST00000460797,3
2236059,50492761,0,13:transcript:ENST00000490577,13
1213726,90568623,1,6:transcript:ENST00000369332,6
727665,124740024,1,3:transcript:ENST00000467167,3
1335913,74041932,2,7:transcript:ENST00000442310,7
3091706,48474838,1,19:transcript:ENST00000427476,19
93167,44000956,0,1:transcript:ENST00000357730,1
385732,63606862,1,2:transcript:ENST00000409908,2
908149,113269723,2,4:transcript:ENST00000672402,4
2826973,63811173,0,17:transcript:ENST00000577940,17
1813256,128287513,0,10:transcript:ENST00000626518,10
1889645,47808396,0,11:transcript:ENST00000378460,11
1473391,37765633,0,8:transcript:ENST00000523187,8
2925646,57695532,1,18:transcript:ENST00000648908,18
1058110,134167243,1,5:transcript:ENST00000520417,5
2365054,95108093,1,14:transcript:ENST00000541352,14
26370,11144667,1,1:transcript:ENST00000445982,1
2608158,48213443,0,16:transcript:ENST00000567385,16
485310,166041231,0,2:transcript:ENST00000303395,2
2993740,12672847,1,19:transcript:ENST00000548381,19
696196,81208405,1,3:transcript:ENST00000474149,3
1396995,121046887,1,7:transcript:ENST00000428526,7
1313513,44017792,2,7:transcript:ENST00000418424,7
1850568,13784894,2,11:transcript:ENST00000655777,11
1733610,58388190,1,10:transcript:ENST00000373899,10
432645,104661502,1,2:transcript:ENST00000456999,2
703752,101816906,1,3:transcript:ENST00000616286,3
2649545,71129640,0,16:transcript:ENST00000545230,16
2465417,66369687,2,15:transcript:ENST00000570251,15
92410,43970433,2,1:transcript:ENST00000495421,1
1801676,119065399,0,10:transcript:ENST00000369144,10
664930,51635593,1,3:transcript:ENST00000409535,3
2577175,21414957,0,16:transcript:ENST00000419180,16
951644,173296819,2,4:transcript:ENST00000512285,4
332934,11286639,1,2:transcript:ENST00000462366,2
2046863,14466526,1,12:transcript:ENST00000543189,12
3079564,45284090,2,19:transcript:ENST00000262891,19
3002711,14388818,0,19:transcript:ENST00000587606,19
1472795,36774280,1,8:transcript:ENST00000663604,8
1361655,95977601,0,7:transcript:ENST00000447467,7
1374015,100785997,1,7:transcript:ENST00000538115,7
920510,121154679,1,4:transcript:ENST00000509841,4
2050979,19274983,0,12:transcript:ENST00000539256,12
2198714,123931636,1,12:transcript:ENST00000638045,12
1705507,21740236,0,10:transcript:ENST00000377072,10
1132894,22194045,1,6:transcript:ENST00000665014,6
1851296,14859043,1,11:transcript:ENST00000282096,11
834338,10558452,1,4:transcript:ENST00000226951,4
200429,153535654,2,1:transcript:ENST00000462951,1
2651428,71924074,2,16:transcript:ENST00000538565,16
1627612,97912975,1,9:transcript:ENST00000471580,9
2060173,27633460,0,12:transcript:ENST00000542187,12
2567583,15754924,2,16:transcript:ENST00000570785,16
1404796,128801186,1,7:transcript:ENST00000297788,7
1071384,141182594,0,5:transcript:ENST00000623884,5
145713,92685510,2,1:transcript:ENST00000370331,1
1500395,67115914,1,8:transcript:ENST00000519163,8
2199307,124457106,0,12:transcript:ENST00000405201,12
637925,42723101,2,3:transcript:ENST00000496027,3
362299,38863519,1,2:transcript:ENST00000620517,2
1627490,97805362,0,9:transcript:ENST00000649253,9
1302954,30922066,1,7:transcript:ENST00000311813,7
1269818,166459551,1,6:transcript:ENST00000265678,6
2383517,105469467,1,14:transcript:ENST00000406191,14
2547657,3483597,0,16:transcript:ENST00000360862,16
3002209,14095576,2,19:transcript:ENST00000308677,19
2946360,1270928,1,19:transcript:ENST00000588030,19
1253091,147204682,0,6:transcript:ENST00000367480,6
2189442,121297435,0,12:transcript:ENST00000543477,12
1484739,46848100,0,8:transcript:ENST00000662050,8
1047547,126393630,1,5:transcript:ENST00000648070,5
811879,197078460,2,3:transcript:ENST00000653795,3
546891,217985581,0,2:transcript:ENST00000654642,2
78009,39370030,1,1:transcript:ENST00000476350,1
833794,9961318,2,4:transcript:ENST00000264784,4
542000,214775140,2,2:transcript:ENST00000613706,2
1378926,102494675,1,7:transcript:ENST00000306682,7
3075139,43577261,0,19:transcript:ENST00000612042,19
660786,50089029,0,3:transcript:ENST00000492472,3
529449,201639653,2,2:transcript:ENST00000409883,2
2009054,128809831,2,11:transcript:ENST00000528790,11
1007983,70985886,1,5:transcript:ENST00000523981,5
916659,113318517,1,4:transcript:ENST00000673048,4
288346,220631035,1,1:transcript:ENST00000366917,1
12990,3060230,0,1:transcript:ENST00000321399,1
307563,235435012,2,1:transcript:ENST00000645551,1
497618,174751836,2,2:transcript:ENST00000636168,2
3043035,35524924,1,19:transcript:ENST00000518157,19
2640385,68038006,1,16:transcript:ENST00000575677,16
3056475,38708117,1,19:transcript:ENST00000588618,19
2015580,900670,0,12:transcript:ENST00000543065,12
694216,75446468,1,3:transcript:ENST00000654411,3
1973355,104918113,0,11:transcript:ENST00000527637,11
3060470,39476176,0,19:transcript:ENST00000359191,19
510554,181546207,2,2:transcript:ENST00000374969,2
2146465,90593569,1,12:transcript:ENST00000656065,12
2970917,7540149,1,19:transcript:ENST00000594551,19
2677227,89933468,1,16:transcript:ENST00000557262,16
227815,161123946,1,1:transcript:ENST00000368006,1
2061890,30650712,2,12:transcript:ENST00000256079,12
1929956,66852703,2,11:transcript:ENST00000393958,11
70552,35097317,1,1:transcript:ENST00000488455,1
1936438,68545024,0,11:transcript:ENST00000265636,11
948912,168262787,1,4:transcript:ENST00000505393,4
1185456,52083178,0,6:transcript:ENST00000371117,6
2928173,59152685,0,18:transcript:ENST00000509791,18
1778030,97264826,0,10:transcript:ENST00000371027,10
3111553,52398135,2,19:transcript:ENST00000494167,19
1859047,18308946,0,11:transcript:ENST00000396253,11
452033,128171928,2,2:transcript:ENST00000259253,2
2398567,25269605,1,15:transcript:ENST00000654984,15
232991,165206034,1,1:transcript:ENST00000367893,1
2821292,61400216,0,17:transcript:ENST00000585765,17
2756792,36509062,0,17:transcript:ENST00000614623,17
1735233,60270131,0,10:transcript:ENST00000622427,10
184440,147271588,2,1:transcript:ENST00000488864,1
1582743,32987846,1,9:transcript:ENST00000673416,9
345298,26950581,1,2:transcript:ENST00000416226,2
865335,69012014,2,4:transcript:ENST00000505092,4
1054439,132320865,1,5:transcript:ENST00000491257,5
430659,101873647,1,2:transcript:ENST00000456652,2
1349791,87199007,0,7:transcript:ENST00000481425,7
2120396,57616706,2,12:transcript:ENST00000444467,12
3037124,34367717,2,19:transcript:ENST00000589504,19
706406,107751818,2,3:transcript:ENST00000402543,3
206190,154968834,1,1:transcript:ENST00000368453,1
1142177,30346713,1,6:transcript:ENST00000491477,6
3127322,57277586,2,19:transcript:ENST00000671172,19
2613631,53464226,1,16:transcript:ENST00000262133,16
266676,202742655,0,1:transcript:ENST00000648469,1
2476364,72719822,2,15:transcript:ENST00000567279,15
2455571,60514757,1,15:transcript:ENST00000560004,15
2730915,18959135,1,17:transcript:ENST00000317977,17
3249637,44991835,1,21:transcript:ENST00000434081,21
1257109,152401341,1,6:transcript:ENST00000367255,6
2952842,2405545,0,19:transcript:ENST00000332578,19
2804283,50531327,1,17:transcript:ENST00000488432,17
1246958,138916765,2,6:transcript:ENST00000626459,6
2772892,41992626,2,17:transcript:ENST00000426588,17
3258840,18925200,1,22:transcript:ENST00000450579,22
2884204,5239848,2,18:transcript:ENST00000665541,18
1583628,33024804,0,9:transcript:ENST00000473270,9
3261599,19883461,1,22:transcript:ENST00000400521,22
2674835,89655752,2,16:transcript:ENST00000551981,16
2631708,66964566,2,16:transcript:ENST00000570236,16
861241,56910630,1,4:transcript:ENST00000511065,4
1717833,35179060,2,10:transcript:ENST00000374721,10
478345,160285044,1,2:transcript:ENST00000409289,2
3182457,43636579,2,20:transcript:ENST00000373039,20
1322257,50470171,1,7:transcript:ENST00000622873,7
1547396,133898216,0,8:transcript:ENST00000520149,8
448837,127068163,0,2:transcript:ENST00000357970,2
3274679,24895291,0,22:transcript:ENST00000610372,22
1418245,140536056,2,7:transcript:ENST00000496613,7
2008474,127044507,2,11:transcript:ENST00000667463,11
234154,166994028,1,1:transcript:ENST00000622874,1
1993473,119026937,0,11:transcript:ENST00000530407,11
550696,218753584,1,2:transcript:ENST00000442769,2
707355,107877902,0,3:transcript:ENST00000662738,3
1804335,121500826,0,10:transcript:ENST00000369061,10
2250343,91349963,2,13:transcript:ENST00000400282,13
2767478,40083835,1,17:transcript:ENST00000546243,17
783240,181971906,0,3:transcript:ENST00000660147,3
2211009,19674732,0,13:transcript:ENST00000423023,13
1803538,119839771,2,10:transcript:ENST00000466047,10
2520238,101696039,1,15:transcript:ENST00000557811,15
3030927,27793000,0,19:transcript:ENST00000665102,19
527943,201149265,2,2:transcript:ENST00000631217,2
2858932,78113379,2,17:transcript:ENST00000306591,17
554722,219291180,2,2:transcript:ENST00000462351,2
565506,231457800,1,2:transcript:ENST00000322723,2
182923,147220418,2,1:transcript:ENST00000441068,1
2803587,50426389,0,17:transcript:ENST00000504392,17
2236557,50946759,2,13:transcript:ENST00000422660,13
556473,219534055,2,2:transcript:ENST00000474489,2
466890,151519069,1,2:transcript:ENST00000409198,2
1380996,103257604,0,7:transcript:ENST00000411491,7
330189,9535922,1,2:transcript:ENST00000649227,2
221028,158088006,1,1:transcript:ENST00000368173,1
1257068,152310873,1,6:transcript:ENST00000367255,6
2544280,2941653,2,16:transcript:ENST00000573260,16
992358,51461324,1,5:transcript:ENST00000509423,5
3012365,16811582,2,19:transcript:ENST00000379808,19
2861401,78676169,1,17:transcript:ENST00000590775,17
2461511,64691514,1,15:transcript:ENST00000326005,15
564484,230995848,0,2:transcript:ENST00000414876,2
2763089,39303639,1,17:transcript:ENST00000264658,17
1313538,44029567,0,7:transcript:ENST00000424092,7
1267013,161086478,0,6:transcript:ENST00000490904,6
575470,238083248,1,2:transcript:ENST00000651534,2
2131296,69570896,2,12:transcript:ENST00000550389,12
1230602,123489188,2,6:transcript:ENST00000668867,6
857363,52790503,2,4:transcript:ENST00000514957,4
782949,181952470,0,3:transcript:ENST00000627881,3
2553459,4821380,0,16:transcript:ENST00000589389,16
567441,232591140,1,2:transcript:ENST00000604677,2
1870708,32589547,1,11:transcript:ENST00000533439,11
399081,73001525,0,2:transcript:ENST00000272433,2
2155857,100254292,2,12:transcript:ENST00000548313,12
199018,151770257,0,1:transcript:ENST00000400999,1
150025,96304338,1,1:transcript:ENST00000435311,1
1737762,67954738,1,10:transcript:ENST00000427635,10
2186338,120222153,2,12:transcript:ENST00000536957,12
1065665,139276121,1,5:transcript:ENST00000507197,5
1323438,51085166,0,7:transcript:ENST00000395542,7
1779577,97466059,0,10:transcript:ENST00000327238,10
334586,15370650,2,2:transcript:ENST00000442506,2
2809539,51005212,0,17:transcript:ENST00000510283,17
1456067,19950054,2,8:transcript:ENST00000524029,8
935707,145849561,1,4:transcript:ENST00000655597,4
1281784,5199576,1,7:transcript:ENST00000404704,7
3227629,32648393,2,21:transcript:ENST00000433931,21
3068206,41332281,1,19:transcript:ENST00000221930,19
1262833,158158364,1,6:transcript:ENST00000646208,6
1690849,4657161,0,10:transcript:ENST00000667425,10
75079,37867522,2,1:transcript:ENST00000373024,1
1486222,46850743,0,8:transcript:ENST00000661882,8
3124274,55669444,1,19:transcript:ENST00000308924,19
1923592,65852465,1,11:transcript:ENST00000530101,11
226806,160838451,0,1:transcript:ENST00000322302,1
785924,183982624,1,3:transcript:ENST00000265586,3
2215936,26221330,1,13:transcript:ENST00000381570,13
2743849,29118377,0,17:transcript:ENST00000628822,17
3003126,14412074,2,19:transcript:ENST00000590260,19
968453,6923739,1,5:transcript:ENST00000648809,5
1306641,33906282,2,7:transcript:ENST00000648305,7
2306915,49785320,1,14:transcript:ENST00000298310,14
1498212,65842082,0,8:transcript:ENST00000519626,8
3146002,13580897,0,20:transcript:ENST00000455532,20
701293,100345678,0,3:transcript:ENST00000394140,3
312427,240329468,0,1:transcript:ENST00000545751,1
598075,9842854,2,3:transcript:ENST00000418713,3
374772,54618193,0,2:transcript:ENST00000356805,2
3274468,24752756,2,22:transcript:ENST00000332271,22
1400662,124040705,2,7:transcript:ENST00000484322,7
2525733,671781,0,16:transcript:ENST00000568636,16
237826,169704004,2,1:transcript:ENST00000650983,1
1063120,138253978,2,5:transcript:ENST00000274721,5
633602,41239134,1,3:transcript:ENST00000643541,3
2298708,34792921,1,14:transcript:ENST00000358716,14
3098608,49583717,0,19:transcript:ENST00000543867,19
412095,86072651,2,2:transcript:ENST00000263857,2
307250,235417045,2,1:transcript:ENST00000644838,1
1987459,117292211,1,11:transcript:ENST00000649580,11
2902636,31409452,1,18:transcript:ENST00000359747,18
2442199,49891608,2,15:transcript:ENST00000560161,15
3059397,39380990,1,19:transcript:ENST00000598913,19
1846858,10756838,0,11:transcript:ENST00000524523,11
1123760,8547214,0,6:transcript:ENST00000644610,6
280796,210404679,0,1:transcript:ENST00000413764,1
942175,154366210,0,4:transcript:ENST00000339452,4
2079227,48768826,2,12:transcript:ENST00000357869,12
2555854,8635079,0,16:transcript:ENST00000568967,16
1742410,69822369,1,10:transcript:ENST00000520267,10
1723830,46329599,1,10:transcript:ENST00000622632,10
1819749,394334,0,11:transcript:ENST00000531857,11
441314,112642189,1,2:transcript:ENST00000457336,2
2527339,739738,1,16:transcript:ENST00000567172,16
693070,72100010,1,3:transcript:ENST00000665453,3
73259,36423466,1,1:transcript:ENST00000433045,1
293478,225567249,0,1:transcript:ENST00000635051,1
247382,179852811,1,1:transcript:ENST00000367612,1
37443,18910342,0,1:transcript:ENST00000355609,1
1396810,120967529,1,7:transcript:ENST00000315870,7
1063773,138424341,0,5:transcript:ENST00000505756,5
110226,53252989,2,1:transcript:ENST00000658277,1
3188739,46120107,2,20:transcript:ENST00000620709,20
3310413,40777373,1,22:transcript:ENST00000426396,22
288068,220208197,2,1:transcript:ENST00000358951,1
1525779,103920079,2,8:transcript:ENST00000436393,8
456754,134928366,2,2:transcript:ENST00000417175,2
2891726,12427166,2,18:transcript:ENST00000589952,18
2792028,46517094,0,17:transcript:ENST00000445552,17
556606,219568012,2,2:transcript:ENST00000404537,2
3084014,46124473,2,19:transcript:ENST00000341415,19
1390441,111935540,0,7:transcript:ENST00000476846,7
1246161,137865159,0,6:transcript:ENST00000662141,6
2954643,3194805,2,19:transcript:ENST00000246117,19
3302434,37769262,1,22:transcript:ENST00000403663,22
1853494,17322801,2,11:transcript:ENST00000323688,11
2585260,27448534,1,16:transcript:ENST00000564583,16
889972,88662431,1,4:transcript:ENST00000402738,4
66308,32367550,2,1:transcript:ENST00000455895,1
1135454,25166290,0,6:transcript:ENST00000458373,6
972680,16177881,1,5:transcript:ENST00000332432,5
2086175,49997204,1,12:transcript:ENST00000312377,12
2159148,102013192,1,12:transcript:ENST00000545679,12
487667,168859512,1,2:transcript:ENST00000317647,2
2082839,49484590,1,12:transcript:ENST00000549045,12
126135,65389449,0,1:transcript:ENST00000494710,1
1692750,5945655,0,10:transcript:ENST00000454321,10
1248798,143333282,1,6:transcript:ENST00000367601,6
3294783,32084439,1,22:transcript:ENST00000543737,22
1492073,54051921,2,8:transcript:ENST00000618741,8
2006724,126205781,1,11:transcript:ENST00000526942,11
3164022,34363349,0,20:transcript:ENST00000670516,20
421061,96678790,2,2:transcript:ENST00000623019,2
2250695,94713515,2,13:transcript:ENST00000438290,13
1765235,84255137,1,10:transcript:ENST00000497161,10
2909392,39275798,1,18:transcript:ENST00000654975,18
2199957,124340204,1,12:transcript:ENST00000453428,12
3251198,45869208,1,21:transcript:ENST00000498121,21
1814907,132134284,2,10:transcript:ENST00000666974,10
2694778,5138764,2,17:transcript:ENST00000574788,17
1929467,66796281,1,11:transcript:ENST00000525449,11
833031,8381492,0,4:transcript:ENST00000510365,4
1865290,27523459,2,11:transcript:ENST00000532965,11
415688,88782853,1,2:transcript:ENST00000622311,2
2724182,17305180,2,17:transcript:ENST00000389022,17
832513,8202286,2,4:transcript:ENST00000502669,4
1446913,9679987,0,8:transcript:ENST00000521039,8
2106757,55961542,2,12:transcript:ENST00000547137,12
2193031,122396124,2,12:transcript:ENST00000535976,12
870314,74882237,2,4:transcript:ENST00000670521,4
1070199,140675133,1,5:transcript:ENST00000512396,5
1970534,101980174,2,11:transcript:ENST00000532529,11
2965330,6004201,0,19:transcript:ENST00000359161,19
339979,24301154,0,2:transcript:ENST00000412011,2
1720201,42704215,1,10:transcript:ENST00000412710,10
29914,12882768,2,1:transcript:ENST00000235349,1
3133637,1373078,1,20:transcript:ENST00000609470,20
39696,20114259,1,1:transcript:ENST00000375105,1
2179219,113154635,0,12:transcript:ENST00000551256,12
2461673,64820982,0,15:transcript:ENST00000268043,15
2308129,50377425,2,14:transcript:ENST00000216378,14
1211897,89201265,1,6:transcript:ENST00000457434,6
1870543,32438872,1,11:transcript:ENST00000442957,11
953400,175640129,0,4:transcript:ENST00000506894,4
453814,130371287,0,2:transcript:ENST00000409022,2
830671,6360266,2,4:transcript:ENST00000382599,4
2860016,78402211,2,17:transcript:ENST00000589425,17
3022235,18786411,2,19:transcript:ENST00000542601,19
972038,14364650,1,5:transcript:ENST00000513206,5
1043057,119454474,2,5:transcript:ENST00000646590,5
3185900,45424381,0,20:transcript:ENST00000639783,20
2463651,65599382,2,15:transcript:ENST00000652388,15
92794,43993964,0,1:transcript:ENST00000372318,1
15714,5087410,2,1:transcript:ENST00000443270,1
1388895,108234583,0,7:transcript:ENST00000419936,7
1820440,489023,2,11:transcript:ENST00000526878,11
3284765,30380282,0,22:transcript:ENST00000382363,22
109362,52979381,2,1:transcript:ENST00000640998,1
78685,39529164,1,1:transcript:ENST00000649920,1
2583660,24880707,2,16:transcript:ENST00000567758,16
2552243,4697977,0,16:transcript:ENST00000589035,16
432576,104506836,0,2:transcript:ENST00000659047,2
86088,42696944,0,1:transcript:ENST00000436427,1
454237,130598815,1,2:transcript:ENST00000621673,2
3292889,31781037,2,22:transcript:ENST00000645015,22
1774382,95441180,1,10:transcript:ENST00000371246,10
2003903,124885247,1,11:transcript:ENST00000534407,11
1009854,72901073,0,5:transcript:ENST00000337273,5
1229356,118964667,0,6:transcript:ENST00000368472,6
1692173,5757520,1,10:transcript:ENST00000645567,10
941246,153156921,2,4:transcript:ENST00000491446,4
3231129,33766012,0,21:transcript:ENST00000381318,21
2942349,734173,1,19:transcript:ENST00000633534,19
1862173,19855924,2,11:transcript:ENST00000396087,11
2579091,22142765,0,16:transcript:ENST00000389398,16
564835,231068568,2,2:transcript:ENST00000431051,2
2072829,45922582,1,12:transcript:ENST00000369367,12
2619035,57021631,2,16:transcript:ENST00000262510,16
1658081,128465096,2,9:transcript:ENST00000546203,9
651457,48695090,0,3:transcript:ENST00000412795,3
18422,6419739,2,1:transcript:ENST00000489730,1
2053264,21513807,2,12:transcript:ENST00000540141,12
145148,92102669,0,1:transcript:ENST00000370382,1
439708,111805802,0,2:transcript:ENST00000485325,2
2108510,56154813,1,12:transcript:ENST00000552568,12
1855689,17443030,2,11:transcript:ENST00000642902,11
889605,88398209,0,4:transcript:ENST00000506714,4
3155692,26078834,2,20:transcript:ENST00000652966,20
2389458,24347012,1,15:transcript:ENST00000650918,15
595264,9430051,0,3:transcript:ENST00000665872,3
410537,85611786,1,2:transcript:ENST00000306336,2
1908052,62855133,0,11:transcript:ENST00000670469,11
1689368,2013796,2,10:transcript:ENST00000671670,10
2738849,28359404,0,17:transcript:ENST00000555264,17
175983,120005329,0,1:transcript:ENST00000652264,1
584275,241324241,0,2:transcript:ENST00000443492,2
1042519,118988130,0,5:transcript:ENST00000304058,5
786957,184142691,2,3:transcript:ENST00000648882,3
1192782,57971656,0,6:transcript:ENST00000641671,6
430551,101867309,0,2:transcript:ENST00000347699,2
636278,42176814,1,3:transcript:ENST00000469506,3
2676465,89812795,2,16:transcript:ENST00000567883,16
208396,155180893,2,1:transcript:ENST00000545012,1
307539,235448440,0,1:transcript:ENST00000645551,1
981013,34945025,0,5:transcript:ENST00000648817,5
3267303,21468779,1,22:transcript:ENST00000456303,22
1220120,108051198,1,6:transcript:ENST00000440575,6
733850,129003059,2,3:transcript:ENST00000436022,3
1498141,65734894,1,8:transcript:ENST00000396642,8
1625090,96484462,1,9:transcript:ENST00000375249,9
3256219,17497403,1,22:transcript:ENST00000612582,22
109275,52975757,2,1:transcript:ENST00000407246,1
2617199,56475804,2,16:transcript:ENST00000568397,16
1341950,76492253,0,7:transcript:ENST00000324432,7
1605365,72246342,2,9:transcript:ENST00000489618,9
1343888,77901271,2,7:transcript:ENST00000275575,7
2630157,66785786,0,16:transcript:ENST00000558713,16
3253467,46397265,1,21:transcript:ENST00000480896,21
2452482,58646055,0,15:transcript:ENST00000260408,15
489592,169805665,1,2:transcript:ENST00000413002,2
3082472,45681687,2,19:transcript:ENST00000585889,19
2818080,59649802,2,17:transcript:ENST00000393043,17
536626,207577655,0,2:transcript:ENST00000418081,2
2488122,77478295,1,15:transcript:ENST00000336216,15
2419179,40813943,1,15:transcript:ENST00000561768,15
188902,149065526,0,1:transcript:ENST00000613595,1
830910,6575348,0,4:transcript:ENST00000505907,4
2420753,41358149,1,15:transcript:ENST00000560747,15
3150202,19960811,0,20:transcript:ENST00000255006,20
1094767,163513019,2,5:transcript:ENST00000520449,5
1344300,78127416,1,7:transcript:ENST00000629359,7
2142149,81295035,1,12:transcript:ENST00000549396,12
2628738,66391363,2,16:transcript:ENST00000341529,16
1432766,151243251,2,7:transcript:ENST00000491651,7
2703473,7388002,2,17:transcript:ENST00000576716,17
1132932,22192850,2,6:transcript:ENST00000444265,6
2706983,7700829,0,17:transcript:ENST00000534050,17
1438843,157358637,0,7:transcript:ENST00000439402,7
15209,3867186,2,1:transcript:ENST00000468793,1
1547639,134520883,0,8:transcript:ENST00000523243,8
774684,171738082,1,3:transcript:ENST00000440204,3
2511017,90972325,2,15:transcript:ENST00000442656,15
1163947,34028366,1,6:transcript:ENST00000535756,6
824026,2271675,0,4:transcript:ENST00000515312,4
1587655,35059064,0,9:transcript:ENST00000493886,9
713278,111999602,0,3:transcript:ENST00000273368,3
1519124,97986744,2,8:transcript:ENST00000522025,8
1282302,5324355,1,7:transcript:ENST00000455076,7
2264533,112859452,0,13:transcript:ENST00000487903,13
704901,105814978,2,3:transcript:ENST00000438603,3
2357505,90947550,1,14:transcript:ENST00000418736,14
116047,57071641,1,1:transcript:ENST00000371230,1
2945003,1076368,2,19:transcript:ENST00000543365,19
1653278,127807209,1,9:transcript:ENST00000488307,9
2413463,37060365,2,15:transcript:ENST00000314177,15
1298474,26196732,2,7:transcript:ENST00000495810,7
1754603,75212298,0,10:transcript:ENST00000344036,10
1795640,112443606,1,10:transcript:ENST00000626395,10
1472211,33488988,1,8:transcript:ENST00000360128,8
314541,243185779,0,1:transcript:ENST00000521911,1
510394,181498623,1,2:transcript:ENST00000233573,2
769768,165654195,0,3:transcript:ENST00000496693,3
1867520,31682426,2,11:transcript:ENST00000640954,11
570512,233551519,1,2:transcript:ENST00000251722,2
1654416,127925958,0,9:transcript:ENST00000476624,9
949761,168908916,2,4:transcript:ENST00000507735,4
1717408,35013699,0,10:transcript:ENST00000374751,10
1115112,180330834,1,5:transcript:ENST00000518906,5
2621983,57645980,2,16:transcript:ENST00000565587,16
1243812,135442714,1,6:transcript:ENST00000367799,6
2758815,37465431,1,17:transcript:ENST00000615182,17
1502773,70638629,1,8:transcript:ENST00000276590,8
1435825,153406956,0,7:transcript:ENST00000454441,7
11628,2476712,0,1:transcript:ENST00000378486,1
1615868,88067479,1,9:transcript:ENST00000442490,9
2707384,7798324,0,17:transcript:ENST00000389173,17
1680765,136954724,1,9:transcript:ENST00000471615,9
2737817,27640572,1,17:transcript:ENST00000577392,17
2665223,85072925,1,16:transcript:ENST00000258180,16
762106,156829377,0,3:transcript:ENST00000498839,3
3008418,15831255,1,19:transcript:ENST00000645221,19
908702,113344521,2,4:transcript:ENST00000672731,4
1445289,7715812,2,8:transcript:ENST00000648315,8
2620899,57245405,0,16:transcript:ENST00000565794,16
3038788,35021502,1,19:transcript:ENST00000411896,19
242634,173866761,0,1:transcript:ENST00000458220,1
3328816,50769124,1,22:transcript:ENST00000395593,22
3058265,38921446,1,19:transcript:ENST00000221431,19
1109151,178046872,1,5:transcript:ENST00000652262,5
2329111,64949529,2,14:transcript:ENST00000646728,14
3199194,57615512,0,20:transcript:ENST00000538947,20
1835055,4122220,0,11:transcript:ENST00000529109,11
238328,170031886,0,1:transcript:ENST00000367767,1
1692320,5794885,0,10:transcript:ENST00000456041,10
3161159,32795592,2,20:transcript:ENST00000348286,20
1012458,74814019,1,5:transcript:ENST00000510609,5
2167651,109233847,0,12:transcript:ENST00000377854,12
1601768,69249375,1,9:transcript:ENST00000642889,9
2611159,50729953,1,16:transcript:ENST00000563315,16
987718,40834109,2,5:transcript:ENST00000507642,5
496373,173359105,2,2:transcript:ENST00000410019,2
1963947,90131817,0,11:transcript:ENST00000525497,11
413963,86860119,2,2:transcript:ENST00000431506,2
731549,127533577,0,3:transcript:ENST00000667355,3
1250035,144490564,2,6:transcript:ENST00000367545,6
2909520,39485495,2,18:transcript:ENST00000670121,18
1925239,66058150,0,11:transcript:ENST00000530322,11
292904,225306275,2,1:transcript:ENST00000439375,1
256954,194197586,0,1:transcript:ENST00000656143,1
3078223,44811346,0,19:transcript:ENST00000611077,19
3000419,13245182,0,19:transcript:ENST00000637809,19
1901844,61580790,0,11:transcript:ENST00000535826,11
1547721,134584005,1,8:transcript:ENST00000520214,8
919166,119027438,0,4:transcript:ENST00000434046,4
709538,107852112,2,3:transcript:ENST00000652909,3
498565,175134584,2,2:transcript:ENST00000409437,2
1931495,67301214,2,11:transcript:ENST00000512231,11
1020802,81615557,1,5:transcript:ENST00000509053,5
27748,11834133,2,1:transcript:ENST00000312413,1
446886,120927361,1,2:transcript:ENST00000361492,2
1933901,67607736,2,11:transcript:ENST00000533075,11
982608,35988551,1,5:transcript:ENST00000503189,5
993344,53099539,2,5:transcript:ENST00000582677,5
2113189,56527963,0,12:transcript:ENST00000549945,12
588806,3260894,1,3:transcript:ENST00000451031,3
2263588,111301478,1,13:transcript:ENST00000646102,13
1593361,37082116,2,9:transcript:ENST00000656197,9
688915,69031922,2,3:transcript:ENST00000601511,3
3322756,49922186,2,22:transcript:ENST00000462253,22
2098970,53460209,2,12:transcript:ENST00000437231,12
1547245,133470904,2,8:transcript:ENST00000399640,8
3169985,35708212,2,20:transcript:ENST00000361162,20
2051738,20124499,1,12:transcript:ENST00000655042,12
1876388,38663862,1,11:transcript:ENST00000530102,11
2699566,7193584,1,17:transcript:ENST00000399510,17
372894,49922251,1,2:transcript:ENST00000634412,2
3225850,31685398,0,21:transcript:ENST00000434667,21
1223890,111263127,2,6:transcript:ENST00000672303,6
3121719,55140960,1,19:transcript:ENST00000587465,19
2715569,10725669,2,17:transcript:ENST00000580186,17
2049225,15956936,1,12:transcript:ENST00000526521,12
799850,191218747,1,3:transcript:ENST00000339051,3
2147772,93411053,0,12:transcript:ENST00000552442,12
1338170,74691111,0,7:transcript:ENST00000432143,7
550790,218746617,2,2:transcript:ENST00000417196,2
1412507,135044812,2,7:transcript:ENST00000435976,7
613039,18526857,2,3:transcript:ENST00000631123,3
1330131,66995290,0,7:transcript:ENST00000414306,7
2773561,42120030,0,17:transcript:ENST00000465682,17
2363235,93939602,0,14:transcript:ENST00000557646,14
1611246,81929456,1,9:transcript:ENST00000419782,9
1070551,140693665,0,5:transcript:ENST00000642752,5
739244,131329006,1,3:transcript:ENST00000662294,3
770053,167363304,2,3:transcript:ENST00000455345,3
592242,4900697,1,3:transcript:ENST00000615178,3
679764,57295968,2,3:transcript:ENST00000351747,3
938843,150315623,1,4:transcript:ENST00000648626,4
94048,44647574,2,1:transcript:ENST00000440132,1
177712,144197945,0,1:transcript:ENST00000616358,1
2455788,61972625,0,15:transcript:ENST00000644861,15
3323705,50229404,0,22:transcript:ENST00000439308,22
244187,176046324,1,1:transcript:ENST00000308769,1
3056949,38789424,2,19:transcript:ENST00000314980,19
96875,45330292,2,1:transcript:ENST00000673134,1
1113802,179823053,0,5:transcript:ENST00000510187,5
1965411,93700186,0,11:transcript:ENST00000530425,11
2188850,121230729,2,12:transcript:ENST00000538417,12
644421,46995633,0,3:transcript:ENST00000416683,3
2443189,50538709,0,15:transcript:ENST00000559105,15
1646508,123457614,2,9:transcript:ENST00000497135,9
3238763,39410700,2,21:transcript:ENST00000495240,21
2938129,76912347,0,18:transcript:ENST00000543926,18
1919208,65196714,2,11:transcript:ENST00000533129,11
1109321,178037437,2,5:transcript:ENST00000651496,5
2416046,40196545,1,15:transcript:ENST00000412359,15
1385991,107474035,1,7:transcript:ENST00000304402,7
2324374,64073968,1,14:transcript:ENST00000358025,14
2726446,18136120,2,17:transcript:ENST00000647165,17
2782643,43883127,2,17:transcript:ENST00000520406,17
3130407,58451743,0,19:transcript:ENST00000599194,19
3091647,48455858,0,19:transcript:ENST00000342291,19
2893119,13072845,0,18:transcript:ENST00000325971,18
1824343,827248,2,11:transcript:ENST00000534191,11
1011400,73849087,0,5:transcript:ENST00000296799,5
2497096,82664662,2,15:transcript:ENST00000668385,15
3286284,30637069,0,22:transcript:ENST00000406566,22
421701,96839727,0,2:transcript:ENST00000331001,2
154360,101681726,2,1:transcript:ENST00000655157,1
1460051,22528506,1,8:transcript:ENST00000289963,8
1569915,4122307,2,9:transcript:ENST00000481827,9
1962372,86492701,2,11:transcript:ENST00000323418,11
2439312,48288174,0,15:transcript:ENST00000380993,15
2567612,15741710,2,16:transcript:ENST00000577048,16
583152,241249841,0,2:transcript:ENST00000487169,2
1963524,89659724,0,11:transcript:ENST00000525540,11
2418172,40645772,0,15:transcript:ENST00000532406,15
779006,179807831,1,3:transcript:ENST00000465751,3
2680936,1139588,2,17:transcript:ENST00000574632,17
2814523,58244515,1,17:transcript:ENST00000655053,17
2119997,57601437,2,12:transcript:ENST00000354947,12
2920967,55350359,0,18:transcript:ENST00000636822,18
2568403,16220780,2,16:transcript:ENST00000574094,16
2537658,2070578,0,16:transcript:ENST00000644399,16
2576150,20847869,2,16:transcript:ENST00000564274,16
2311589,52708522,0,14:transcript:ENST00000553899,14
658496,49691425,1,3:transcript:ENST00000629802,3
556351,219503262,2,2:transcript:ENST00000481170,2
1685075,137449798,2,9:transcript:ENST00000484316,9
2056098,24767226,0,12:transcript:ENST00000669229,12
2346387,75793100,0,14:transcript:ENST00000556893,14
779027,179877703,2,3:transcript:ENST00000465751,3
2910543,44215064,0,18:transcript:ENST00000649259,18
2235653,49913485,2,13:transcript:ENST00000613924,13
1247462,139175740,2,6:transcript:ENST00000367658,6
2653768,73546357,0,16:transcript:ENST00000658533,16
2233038,46791346,0,13:transcript:ENST00000378720,13
577019,239144583,0,2:transcript:ENST00000553145,2
1475529,38413918,0,8:transcript:ENST00000532791,8
1617946,91216691,2,9:transcript:ENST00000375731,9
2768669,40526094,2,17:transcript:ENST00000577557,17
840482,21315811,2,4:transcript:ENST00000515680,4
1162045,33412248,1,6:transcript:ENST00000374512,6
2387648,22858540,1,15:transcript:ENST00000539711,15
1339364,75166702,1,7:transcript:ENST00000438382,7
1230053,122481899,1,6:transcript:ENST00000607474,6
1806446,122248643,1,10:transcript:ENST00000635597,10
2645611,70042930,0,16:transcript:ENST00000530079,16
1514013,91981048,2,8:transcript:ENST00000518844,8
1757979,76961949,2,10:transcript:ENST00000639591,10
2248572,78209318,2,13:transcript:ENST00000607220,13
1281644,5057295,1,7:transcript:ENST00000396912,7
3030460,24046279,0,19:transcript:ENST00000665638,19
732819,128060661,0,3:transcript:ENST00000243253,3
1411711,134536911,2,7:transcript:ENST00000359579,7
2502370,88137561,1,15:transcript:ENST00000355254,15
992113,50825865,2,5:transcript:ENST00000515166,5
2248912,79335766,2,13:transcript:ENST00000449987,13
1043151,119529980,0,5:transcript:ENST00000442060,5
974763,20734310,2,5:transcript:ENST00000664874,5
1032702,96728341,2,5:transcript:ENST00000509903,5
1530770,117812872,0,8:transcript:ENST00000378204,8
571197,233805111,0,2:transcript:ENST00000389758,2
2591281,28919943,1,16:transcript:ENST00000564473,16
1933877,67609087,2,11:transcript:ENST00000530103,11
1473214,37738029,0,8:transcript:ENST00000648919,8
1295544,23183638,2,7:transcript:ENST00000410002,7
2805765,50618343,0,17:transcript:ENST00000502264,17
642174,45894906,1,3:transcript:ENST00000355983,3
2919357,53205216,1,18:transcript:ENST00000442544,18
2212557,21155693,0,13:transcript:ENST00000298260,13
1670712,133056094,0,9:transcript:ENST00000372108,9
637304,42581846,0,3:transcript:ENST00000456222,3
2005406,125614263,2,11:transcript:ENST00000529196,11
148418,94333960,2,1:transcript:ENST00000413103,1
2638524,67831576,0,16:transcript:ENST00000564817,16
1745180,71344291,0,10:transcript:ENST00000647524,10
301387,230792850,1,1:transcript:ENST00000271971,1
1855543,17406092,2,11:transcript:ENST00000644675,11
1047333,126485773,0,5:transcript:ENST00000514099,5
1830618,2412503,2,11:transcript:ENST00000533060,11
1332907,73489194,0,7:transcript:ENST00000339594,7
2437444,45592276,0,15:transcript:ENST00000563160,15
87307,43198646,0,1:transcript:ENST00000610710,1
1655030,128150374,0,9:transcript:ENST00000373017,9
1666825,131472245,2,9:transcript:ENST00000405995,9
2614121,53690015,2,16:transcript:ENST00000262135,16
2574408,20451681,0,16:transcript:ENST00000576361,16
1865445,27506898,0,11:transcript:ENST00000501176,11
1495744,60584815,0,8:transcript:ENST00000529579,8
238536,170174706,0,1:transcript:ENST00000671647,1
2299702,35273435,1,14:transcript:ENST00000534898,14
2900868,26079232,2,18:transcript:ENST00000585121,18
2955222,3493263,2,19:transcript:ENST00000672935,19
708701,107854354,2,3:transcript:ENST00000667016,3
3180952,43514348,2,20:transcript:ENST00000439769,20
2775543,42565391,2,17:transcript:ENST00000421097,17
1713550,30876998,0,10:transcript:ENST00000609683,10
2158602,101714504,1,12:transcript:ENST00000550385,12
1910357,63895159,1,11:transcript:ENST00000377810,11
2764559,39706990,1,17:transcript:ENST00000578199,17
2794898,47586814,2,17:transcript:ENST00000534814,17
45413,23284797,2,1:transcript:ENST00000647667,1
2089442,51008476,0,12:transcript:ENST00000548193,12
1140657,29830768,1,6:transcript:ENST00000478355,6
1695176,7715455,2,10:transcript:ENST00000358415,10
605785,12922242,1,3:transcript:ENST00000613206,3
1781337,98482782,1,10:transcript:ENST00000370552,10
3207445,63096183,1,20:transcript:ENST00000665105,20
2367950,99493595,0,14:transcript:ENST00000389879,14
2648610,70675656,2,16:transcript:ENST00000562883,16
1987080,117281502,2,11:transcript:ENST00000300650,11
3217142,16391614,1,21:transcript:ENST00000653129,21
2232485,46465987,1,13:transcript:ENST00000665124,13
1282221,5387672,0,7:transcript:ENST00000430969,7
332025,10754066,0,2:transcript:ENST00000381661,2
332112,10788897,0,2:transcript:ENST00000272227,2
2542136,2500804,1,16:transcript:ENST00000564879,16
